year,month,date,sst_anom
1950,1,1950-01-15,-1.9900
1950,2,1950-02-15,-1.6900
1950,3,1950-03-15,-1.4200
1950,4,1950-04-15,-1.5400
1950,5,1950-05-15,-1.7500
1950,6,1950-06-15,-1.2700
1950,7,1950-07-15,-1.0100
1950,8,1950-08-15,-0.9700
1950,9,1950-09-15,-0.9800
1950,10,1950-10-15,-1.0300
1950,11,1950-11-15,-1.2300
1950,12,1950-12-15,-1.3100
1951,1,1951-01-15,-1.3000
1951,2,1951-02-15,-1.0400
1951,3,1951-03-15,-0.3800
1951,4,1951-04-15,-0.2300
1951,5,1951-05-15,-0.0100
1951,6,1951-06-15,0.0000
1951,7,1951-07-15,0.3000
1951,8,1951-08-15,0.1700
1951,9,1951-09-15,0.5100
1951,10,1951-10-15,0.4900
1951,11,1951-11-15,0.5500
1951,12,1951-12-15,0.3100
1952,1,1952-01-15,0.1300
1952,2,1952-02-15,-0.0100
1952,3,1952-03-15,-0.1100
1952,4,1952-04-15,-0.0200
1952,5,1952-05-15,-0.1400
1952,6,1952-06-15,-0.5400
1952,7,1952-07-15,-0.7600
1952,8,1952-08-15,-0.5600
1952,9,1952-09-15,-0.3600
1952,10,1952-10-15,-0.4600
1952,11,1952-11-15,-0.7800
1952,12,1952-12-15,-0.3900
1953,1,1953-01-15,0.2000
1953,2,1953-02-15,0.2400
1953,3,1953-03-15,0.2900
1953,4,1953-04-15,0.2200
1953,5,1953-05-15,0.3500
1953,6,1953-06-15,0.3900
1953,7,1953-07-15,0.1400
1953,8,1953-08-15,0.0900
1953,9,1953-09-15,0.2900
1953,10,1953-10-15,0.1600
1953,11,1953-11-15,0.1800
1953,12,1953-12-15,0.4100
1954,1,1954-01-15,0.4300
1954,2,1954-02-15,0.2800
1954,3,1954-03-15,-0.3800
1954,4,1954-04-15,-1.1700
1954,5,1954-05-15,-0.8100
1954,6,1954-06-15,-0.9300
1954,7,1954-07-15,-1.1800
1954,8,1954-08-15,-1.4300
1954,9,1954-09-15,-1.6000
1954,10,1954-10-15,-1.4800
1954,11,1954-11-15,-1.1300
1954,12,1954-12-15,-1.3300
1955,1,1955-01-15,-0.9300
1955,2,1955-02-15,-0.9500
1955,3,1955-03-15,-1.0600
1955,4,1955-04-15,-1.2200
1955,5,1955-05-15,-1.2800
1955,6,1955-06-15,-1.1800
1955,7,1955-07-15,-1.1500
1955,8,1955-08-15,-1.3500
1955,9,1955-09-15,-1.4300
1955,10,1955-10-15,-2.3100
1955,11,1955-11-15,-2.4500
1955,12,1955-12-15,-2.0300
1956,1,1956-01-15,-1.2000
1956,2,1956-02-15,-0.9900
1956,3,1956-03-15,-0.8300
1956,4,1956-04-15,-0.9700
1956,5,1956-05-15,-0.8000
1956,6,1956-06-15,-0.9200
1956,7,1956-07-15,-1.0600
1956,8,1956-08-15,-1.1700
1956,9,1956-09-15,-0.9800
1956,10,1956-10-15,-0.9700
1956,11,1956-11-15,-1.1400
1956,12,1956-12-15,-0.8900
1957,1,1957-01-15,-0.5100
1957,2,1957-02-15,-0.2200
1957,3,1957-03-15,0.1800
1957,4,1957-04-15,0.4100
1957,5,1957-05-15,0.6200
1957,6,1957-06-15,0.6300
1957,7,1957-07-15,0.8700
1957,8,1957-08-15,0.8400
1957,9,1957-09-15,0.7200
1957,10,1957-10-15,0.7000
1957,11,1957-11-15,0.9200
1957,12,1957-12-15,1.3000
1958,1,1958-01-15,1.7800
1958,2,1958-02-15,1.4900
1958,3,1958-03-15,0.9800
1958,4,1958-04-15,0.4600
1958,5,1958-05-15,0.3800
1958,6,1958-06-15,0.2600
1958,7,1958-07-15,0.0300
1958,8,1958-08-15,-0.0100
1958,9,1958-09-15,-0.3200
1958,10,1958-10-15,-0.2700
1958,11,1958-11-15,0.0500
1958,12,1958-12-15,0.0200
1959,1,1959-01-15,0.5300
1959,2,1959-02-15,0.4300
1959,3,1959-03-15,0.1900
1959,4,1959-04-15,0.0600
1959,5,1959-05-15,-0.2300
1959,6,1959-06-15,-0.3500
1959,7,1959-07-15,-0.8600
1959,8,1959-08-15,-0.7700
1959,9,1959-09-15,-0.8000
1959,10,1959-10-15,-0.4800
1959,11,1959-11-15,-0.6600
1959,12,1959-12-15,-0.4200
1960,1,1960-01-15,-0.2800
1960,2,1960-02-15,-0.4600
1960,3,1960-03-15,-0.3000
1960,4,1960-04-15,-0.3300
1960,5,1960-05-15,-0.2500
1960,6,1960-06-15,-0.4900
1960,7,1960-07-15,-0.4100
1960,8,1960-08-15,-0.1500
1960,9,1960-09-15,-0.2800
1960,10,1960-10-15,-0.4900
1960,11,1960-11-15,-0.4500
1960,12,1960-12-15,-0.3800
1961,1,1961-01-15,-0.3100
1961,2,1961-02-15,-0.1900
1961,3,1961-03-15,-0.3500
1961,4,1961-04-15,-0.4600
1961,5,1961-05-15,-0.1800
1961,6,1961-06-15,-0.0600
1961,7,1961-07-15,-0.4100
1961,8,1961-08-15,-0.6700
1961,9,1961-09-15,-0.9400
1961,10,1961-10-15,-1.0100
1961,11,1961-11-15,-0.6300
1961,12,1961-12-15,-0.6300
1962,1,1962-01-15,-0.5900
1962,2,1962-02-15,-0.5700
1962,3,1962-03-15,-0.4800
1962,4,1962-04-15,-0.6900
1962,5,1962-05-15,-0.8900
1962,6,1962-06-15,-0.6500
1962,7,1962-07-15,-0.5300
1962,8,1962-08-15,-0.5300
1962,9,1962-09-15,-0.7800
1962,10,1962-10-15,-0.7500
1962,11,1962-11-15,-0.9500
1962,12,1962-12-15,-0.9300
1963,1,1963-01-15,-0.7800
1963,2,1963-02-15,-0.5300
1963,3,1963-03-15,-0.1000
1963,4,1963-04-15,-0.0300
1963,5,1963-05-15,-0.3000
1963,6,1963-06-15,-0.1100
1963,7,1963-07-15,0.4900
1963,8,1963-08-15,0.6200
1963,9,1963-09-15,0.6800
1963,10,1963-10-15,0.6400
1963,11,1963-11-15,0.7700
1963,12,1963-12-15,1.0200
1964,1,1964-01-15,0.7900
1964,2,1964-02-15,0.3800
1964,3,1964-03-15,-0.2600
1964,4,1964-04-15,-0.8700
1964,5,1964-05-15,-1.1200
1964,6,1964-06-15,-1.1400
1964,7,1964-07-15,-0.9600
1964,8,1964-08-15,-1.2600
1964,9,1964-09-15,-1.4000
1964,10,1964-10-15,-1.3500
1964,11,1964-11-15,-1.4400
1964,12,1964-12-15,-1.3700
1965,1,1965-01-15,-0.8900
1965,2,1965-02-15,-0.5600
1965,3,1965-03-15,-0.3400
1965,4,1965-04-15,-0.4400
1965,5,1965-05-15,0.0600
1965,6,1965-06-15,0.3600
1965,7,1965-07-15,0.6100
1965,8,1965-08-15,1.1200
1965,9,1965-09-15,1.2900
1965,10,1965-10-15,1.4500
1965,11,1965-11-15,1.4200
1965,12,1965-12-15,1.3600
1966,1,1966-01-15,1.1200
1966,2,1966-02-15,0.8000
1966,3,1966-03-15,0.9300
1966,4,1966-04-15,0.3500
1966,5,1966-05-15,-0.3800
1966,6,1966-06-15,-0.0800
1966,7,1966-07-15,0.0400
1966,8,1966-08-15,-0.3700
1966,9,1966-09-15,-0.4400
1966,10,1966-10-15,-0.5000
1966,11,1966-11-15,-0.4700
1966,12,1966-12-15,-0.5700
1967,1,1967-01-15,-0.6700
1967,2,1967-02-15,-0.6400
1967,3,1967-03-15,-0.7800
1967,4,1967-04-15,-1.0800
1967,5,1967-05-15,-0.5900
1967,6,1967-06-15,-0.2600
1967,7,1967-07-15,-0.3300
1967,8,1967-08-15,-0.4200
1967,9,1967-09-15,-0.8600
1967,10,1967-10-15,-0.7400
1967,11,1967-11-15,-0.6200
1967,12,1967-12-15,-0.6500
1968,1,1968-01-15,-0.8500
1968,2,1968-02-15,-1.0700
1968,3,1968-03-15,-0.9500
1968,4,1968-04-15,-0.7200
1968,5,1968-05-15,-0.7500
1968,6,1968-06-15,0.1500
1968,7,1968-07-15,0.2800
1968,8,1968-08-15,0.1600
1968,9,1968-09-15,0.0100
1968,10,1968-10-15,0.0400
1968,11,1968-11-15,0.5000
1968,12,1968-12-15,0.6700
1969,1,1969-01-15,0.9500
1969,2,1969-02-15,1.1100
1969,3,1969-03-15,0.5400
1969,4,1969-04-15,0.3100
1969,5,1969-05-15,0.3500
1969,6,1969-06-15,-0.0400
1969,7,1969-07-15,-0.2100
1969,8,1969-08-15,0.1600
1969,9,1969-09-15,0.4300
1969,10,1969-10-15,0.6200
1969,11,1969-11-15,0.4000
1969,12,1969-12-15,0.3800
1970,1,1970-01-15,0.2800
1970,2,1970-02-15,0.2000
1970,3,1970-03-15,-0.1400
1970,4,1970-04-15,-0.0800
1970,5,1970-05-15,-0.3000
1970,6,1970-06-15,-0.6900
1970,7,1970-07-15,-1.0800
1970,8,1970-08-15,-1.2600
1970,9,1970-09-15,-1.0700
1970,10,1970-10-15,-1.1200
1970,11,1970-11-15,-1.1300
1970,12,1970-12-15,-1.3300
1971,1,1971-01-15,-1.7300
1971,2,1971-02-15,-1.5700
1971,3,1971-03-15,-1.3600
1971,4,1971-04-15,-1.1800
1971,5,1971-05-15,-0.9800
1971,6,1971-06-15,-1.1300
1971,7,1971-07-15,-1.1700
1971,8,1971-08-15,-1.1000
1971,9,1971-09-15,-1.0000
1971,10,1971-10-15,-1.2400
1971,11,1971-11-15,-1.1500
1971,12,1971-12-15,-1.2300
1972,1,1972-01-15,-0.9200
1972,2,1972-02-15,-0.4500
1972,3,1972-03-15,-0.1900
1972,4,1972-04-15,0.0700
1972,5,1972-05-15,0.3800
1972,6,1972-06-15,0.4500
1972,7,1972-07-15,0.8500
1972,8,1972-08-15,1.0900
1972,9,1972-09-15,1.2300
1972,10,1972-10-15,1.5400
1972,11,1972-11-15,1.9000
1972,12,1972-12-15,2.0900
1973,1,1973-01-15,1.8000
1973,2,1973-02-15,1.2000
1973,3,1973-03-15,0.2700
1973,4,1973-04-15,-0.5800
1973,5,1973-05-15,-0.9700
1973,6,1973-06-15,-1.1800
1973,7,1973-07-15,-1.5400
1973,8,1973-08-15,-1.6300
1973,9,1973-09-15,-1.6600
1973,10,1973-10-15,-1.9800
1973,11,1973-11-15,-2.3700
1973,12,1973-12-15,-2.2600
1974,1,1974-01-15,-2.0900
1974,2,1974-02-15,-1.6600
1974,3,1974-03-15,-1.4500
1974,4,1974-04-15,-1.3600
1974,5,1974-05-15,-1.2900
1974,6,1974-06-15,-1.2000
1974,7,1974-07-15,-0.9000
1974,8,1974-08-15,-0.5200
1974,9,1974-09-15,-0.6400
1974,10,1974-10-15,-0.9400
1974,11,1974-11-15,-1.0900
1974,12,1974-12-15,-0.9700
1975,1,1975-01-15,-0.4500
1975,2,1975-02-15,-0.6800
1975,3,1975-03-15,-1.0900
1975,4,1975-04-15,-0.9600
1975,5,1975-05-15,-1.1300
1975,6,1975-06-15,-1.5000
1975,7,1975-07-15,-1.3900
1975,8,1975-08-15,-1.5200
1975,9,1975-09-15,-1.6600
1975,10,1975-10-15,-1.8300
1975,11,1975-11-15,-1.6600
1975,12,1975-12-15,-1.9300
1976,1,1976-01-15,-2.0100
1976,2,1976-02-15,-1.2600
1976,3,1976-03-15,-0.8200
1976,4,1976-04-15,-0.9300
1976,5,1976-05-15,-0.7400
1976,6,1976-06-15,-0.3800
1976,7,1976-07-15,-0.1600
1976,8,1976-08-15,0.1200
1976,9,1976-09-15,0.3000
1976,10,1976-10-15,0.7500
1976,11,1976-11-15,0.7100
1976,12,1976-12-15,0.4900
1977,1,1977-01-15,0.7800
1977,2,1977-02-15,0.3700
1977,3,1977-03-15,0.1900
1977,4,1977-04-15,-0.3800
1977,5,1977-05-15,-0.2100
1977,6,1977-06-15,0.0100
1977,7,1977-07-15,0.0900
1977,8,1977-08-15,-0.0100
1977,9,1977-09-15,0.4000
1977,10,1977-10-15,0.6300
1977,11,1977-11-15,0.4800
1977,12,1977-12-15,0.7000
1978,1,1978-01-15,0.6200
1978,2,1978-02-15,0.2500
1978,3,1978-03-15,-0.2000
1978,4,1978-04-15,-0.7000
1978,5,1978-05-15,-0.7400
1978,6,1978-06-15,-0.7100
1978,7,1978-07-15,-0.5500
1978,8,1978-08-15,-0.7900
1978,9,1978-09-15,-0.7100
1978,10,1978-10-15,-0.4600
1978,11,1978-11-15,-0.3800
1978,12,1978-12-15,-0.0600
1979,1,1979-01-15,-0.1300
1979,2,1979-02-15,-0.2200
1979,3,1979-03-15,-0.0200
1979,4,1979-04-15,0.0200
1979,5,1979-05-15,-0.2500
1979,6,1979-06-15,-0.2900
1979,7,1979-07-15,-0.4700
1979,8,1979-08-15,-0.1000
1979,9,1979-09-15,0.2800
1979,10,1979-10-15,0.1100
1979,11,1979-11-15,0.2900
1979,12,1979-12-15,0.5200
1980,1,1980-01-15,0.5400
1980,2,1980-02-15,0.2200
1980,3,1980-03-15,0.0300
1980,4,1980-04-15,-0.0700
1980,5,1980-05-15,0.0800
1980,6,1980-06-15,0.2100
1980,7,1980-07-15,-0.0600
1980,8,1980-08-15,-0.3800
1980,9,1980-09-15,-0.2800
1980,10,1980-10-15,-0.2600
1980,11,1980-11-15,-0.1000
1980,12,1980-12-15,0.0500
1981,1,1981-01-15,-0.3600
1981,2,1981-02-15,-0.6400
1981,3,1981-03-15,-0.6400
1981,4,1981-04-15,-0.5300
1981,5,1981-05-15,-0.5700
1981,6,1981-06-15,-0.4600
1981,7,1981-07-15,-0.6400
1981,8,1981-08-15,-0.5300
1981,9,1981-09-15,-0.1900
1981,10,1981-10-15,-0.3000
1981,11,1981-11-15,-0.4100
1981,12,1981-12-15,-0.2000
1982,1,1982-01-15,0.1300
1982,2,1982-02-15,-0.1700
1982,3,1982-03-15,0.1300
1982,4,1982-04-15,0.2100
1982,5,1982-05-15,0.4500
1982,6,1982-06-15,0.5300
1982,7,1982-07-15,0.3700
1982,8,1982-08-15,0.7300
1982,9,1982-09-15,1.4900
1982,10,1982-10-15,1.9900
1982,11,1982-11-15,1.9200
1982,12,1982-12-15,2.2000
1983,1,1983-01-15,2.3500
1983,2,1983-02-15,1.9400
1983,3,1983-03-15,1.3800
1983,4,1983-04-15,0.9500
1983,5,1983-05-15,0.9000
1983,6,1983-06-15,0.5400
1983,7,1983-07-15,-0.1100
1983,8,1983-08-15,-0.2700
1983,9,1983-09-15,-0.5200
1983,10,1983-10-15,-1.1600
1983,11,1983-11-15,-1.2900
1983,12,1983-12-15,-1.0300
1984,1,1984-01-15,-0.6700
1984,2,1984-02-15,-0.1900
1984,3,1984-03-15,-0.5200
1984,4,1984-04-15,-0.6800
1984,5,1984-05-15,-0.7300
1984,6,1984-06-15,-0.9000
1984,7,1984-07-15,-0.5000
1984,8,1984-08-15,-0.2400
1984,9,1984-09-15,-0.3400
1984,10,1984-10-15,-0.6700
1984,11,1984-11-15,-1.1900
1984,12,1984-12-15,-1.3400
1985,1,1985-01-15,-1.1600
1985,2,1985-02-15,-0.7200
1985,3,1985-03-15,-0.7900
1985,4,1985-04-15,-1.1800
1985,5,1985-05-15,-1.0300
1985,6,1985-06-15,-0.9100
1985,7,1985-07-15,-0.7400
1985,8,1985-08-15,-0.5600
1985,9,1985-09-15,-0.7000
1985,10,1985-10-15,-0.4900
1985,11,1985-11-15,-0.3700
1985,12,1985-12-15,-0.4100
1986,1,1986-01-15,-0.6600
1986,2,1986-02-15,-0.7100
1986,3,1986-03-15,-0.4200
1986,4,1986-04-15,-0.3300
1986,5,1986-05-15,-0.5300
1986,6,1986-06-15,-0.3100
1986,7,1986-07-15,-0.1100
1986,8,1986-08-15,0.3200
1986,9,1986-09-15,0.5300
1986,10,1986-10-15,0.8100
1986,11,1986-11-15,1.0100
1986,12,1986-12-15,1.1200
1987,1,1987-01-15,1.1400
1987,2,1987-02-15,1.1300
1987,3,1987-03-15,0.9800
1987,4,1987-04-15,0.5800
1987,5,1987-05-15,0.6200
1987,6,1987-06-15,0.9200
1987,7,1987-07-15,1.2900
1987,8,1987-08-15,1.5700
1987,9,1987-09-15,1.6500
1987,10,1987-10-15,1.2400
1987,11,1987-11-15,1.0700
1987,12,1987-12-15,0.9400
1988,1,1988-01-15,0.9000
1988,2,1988-02-15,0.2800
1988,3,1988-03-15,0.1000
1988,4,1988-04-15,-0.4400
1988,5,1988-05-15,-1.2500
1988,6,1988-06-15,-1.7400
1988,7,1988-07-15,-1.7400
1988,8,1988-08-15,-1.1900
1988,9,1988-09-15,-1.0000
1988,10,1988-10-15,-1.9000
1988,11,1988-11-15,-2.0500
1988,12,1988-12-15,-1.9600
1989,1,1989-01-15,-1.9700
1989,2,1989-02-15,-1.4700
1989,3,1989-03-15,-1.2100
1989,4,1989-04-15,-1.0800
1989,5,1989-05-15,-0.8800
1989,6,1989-06-15,-0.5900
1989,7,1989-07-15,-0.5700
1989,8,1989-08-15,-0.5300
1989,9,1989-09-15,-0.3000
1989,10,1989-10-15,-0.4000
1989,11,1989-11-15,-0.4500
1989,12,1989-12-15,-0.1300
1990,1,1990-01-15,0.0100
1990,2,1990-02-15,0.2100
1990,3,1990-03-15,0.0400
1990,4,1990-04-15,0.0800
1990,5,1990-05-15,0.0800
1990,6,1990-06-15,-0.0800
1990,7,1990-07-15,0.0900
1990,8,1990-08-15,0.2200
1990,9,1990-09-15,0.2200
1990,10,1990-10-15,0.2100
1990,11,1990-11-15,0.1000
1990,12,1990-12-15,0.3500
1991,1,1991-01-15,0.4900
1991,2,1991-02-15,0.3200
1991,3,1991-03-15,0.0300
1991,4,1991-04-15,0.1900
1991,5,1991-05-15,0.2600
1991,6,1991-06-15,0.5200
1991,7,1991-07-15,0.7600
1991,8,1991-08-15,0.6800
1991,9,1991-09-15,0.4200
1991,10,1991-10-15,0.8600
1991,11,1991-11-15,1.2000
1991,12,1991-12-15,1.6900
1992,1,1992-01-15,1.8400
1992,2,1992-02-15,1.7800
1992,3,1992-03-15,1.3800
1992,4,1992-04-15,1.2000
1992,5,1992-05-15,1.0400
1992,6,1992-06-15,0.5800
1992,7,1992-07-15,0.2200
1992,8,1992-08-15,0.0500
1992,9,1992-09-15,-0.0600
1992,10,1992-10-15,-0.3000
1992,11,1992-11-15,-0.2800
1992,12,1992-12-15,-0.1500
1993,1,1993-01-15,0.1400
1993,2,1993-02-15,0.4100
1993,3,1993-03-15,0.3900
1993,4,1993-04-15,0.5900
1993,5,1993-05-15,0.7800
1993,6,1993-06-15,0.3500
1993,7,1993-07-15,0.2300
1993,8,1993-08-15,0.1300
1993,9,1993-09-15,0.3500
1993,10,1993-10-15,0.0600
1993,11,1993-11-15,0.0000
1993,12,1993-12-15,0.1600
1994,1,1994-01-15,0.1000
1994,2,1994-02-15,0.0600
1994,3,1994-03-15,0.1100
1994,4,1994-04-15,0.2600
1994,5,1994-05-15,0.3100
1994,6,1994-06-15,0.3200
1994,7,1994-07-15,0.2400
1994,8,1994-08-15,0.5300
1994,9,1994-09-15,0.4800
1994,10,1994-10-15,0.7500
1994,11,1994-11-15,1.1100
1994,12,1994-12-15,1.2500
1995,1,1995-01-15,1.0200
1995,2,1995-02-15,0.7300
1995,3,1995-03-15,0.4600
1995,4,1995-04-15,0.2800
1995,5,1995-05-15,-0.1100
1995,6,1995-06-15,-0.1400
1995,7,1995-07-15,-0.2100
1995,8,1995-08-15,-0.6300
1995,9,1995-09-15,-0.8400
1995,10,1995-10-15,-0.8800
1995,11,1995-11-15,-1.1000
1995,12,1995-12-15,-0.9500
1996,1,1996-01-15,-0.8600
1996,2,1996-02-15,-0.8600
1996,3,1996-03-15,-0.6100
1996,4,1996-04-15,-0.4700
1996,5,1996-05-15,-0.3800
1996,6,1996-06-15,-0.4400
1996,7,1996-07-15,-0.4400
1996,8,1996-08-15,-0.2200
1996,9,1996-09-15,-0.4500
1996,10,1996-10-15,-0.4400
1996,11,1996-11-15,-0.4100
1996,12,1996-12-15,-0.6400
1997,1,1997-01-15,-0.5300
1997,2,1997-02-15,-0.3700
1997,3,1997-03-15,-0.2500
1997,4,1997-04-15,0.1600
1997,5,1997-05-15,0.6400
1997,6,1997-06-15,1.0900
1997,7,1997-07-15,1.5600
1997,8,1997-08-15,1.8900
1997,9,1997-09-15,2.1300
1997,10,1997-10-15,2.3600
1997,11,1997-11-15,2.4100
1997,12,1997-12-15,2.2900
1998,1,1998-01-15,2.3800
1998,2,1998-02-15,2.0300
1998,3,1998-03-15,1.3400
1998,4,1998-04-15,0.7800
1998,5,1998-05-15,0.5700
1998,6,1998-06-15,-0.3900
1998,7,1998-07-15,-0.9900
1998,8,1998-08-15,-1.2800
1998,9,1998-09-15,-1.2600
1998,10,1998-10-15,-1.4600
1998,11,1998-11-15,-1.4600
1998,12,1998-12-15,-1.6900
1999,1,1999-01-15,-1.6900
1999,2,1999-02-15,-1.3200
1999,3,1999-03-15,-0.9500
1999,4,1999-04-15,-1.1100
1999,5,1999-05-15,-1.1500
1999,6,1999-06-15,-1.1900
1999,7,1999-07-15,-1.1700
1999,8,1999-08-15,-1.2200
1999,9,1999-09-15,-1.0900
1999,10,1999-10-15,-1.2300
1999,11,1999-11-15,-1.5800
1999,12,1999-12-15,-1.7400
2000,1,2000-01-15,-1.7700
2000,2,2000-02-15,-1.5500
2000,3,2000-03-15,-0.9800
2000,4,2000-04-15,-0.8700
2000,5,2000-05-15,-0.8600
2000,6,2000-06-15,-0.7900
2000,7,2000-07-15,-0.6700
2000,8,2000-08-15,-0.4900
2000,9,2000-09-15,-0.5200
2000,10,2000-10-15,-0.7000
2000,11,2000-11-15,-0.7900
2000,12,2000-12-15,-0.9200
2001,1,2001-01-15,-0.7300
2001,2,2001-02-15,-0.6300
2001,3,2001-03-15,-0.4800
2001,4,2001-04-15,-0.4900
2001,5,2001-05-15,-0.3400
2001,6,2001-06-15,-0.1900
2001,7,2001-07-15,-0.0400
2001,8,2001-08-15,-0.0500
2001,9,2001-09-15,-0.2000
2001,10,2001-10-15,-0.1400
2001,11,2001-11-15,-0.3700
2001,12,2001-12-15,-0.4100
2002,1,2002-01-15,-0.1500
2002,2,2002-02-15,-0.0400
2002,3,2002-03-15,0.0100
2002,4,2002-04-15,0.0200
2002,5,2002-05-15,0.3100
2002,6,2002-06-15,0.7200
2002,7,2002-07-15,0.7400
2002,8,2002-08-15,0.8700
2002,9,2002-09-15,1.0900
2002,10,2002-10-15,1.2500
2002,11,2002-11-15,1.4700
2002,12,2002-12-15,1.3700
2003,1,2003-01-15,0.6000
2003,2,2003-02-15,0.6400
2003,3,2003-03-15,0.3600
2003,4,2003-04-15,-0.1400
2003,5,2003-05-15,-0.6100
2003,6,2003-06-15,-0.2900
2003,7,2003-07-15,0.2100
2003,8,2003-08-15,0.2600
2003,9,2003-09-15,0.2700
2003,10,2003-10-15,0.4200
2003,11,2003-11-15,0.3300
2003,12,2003-12-15,0.4300
2004,1,2004-01-15,0.2700
2004,2,2004-02-15,0.2300
2004,3,2004-03-15,0.1200
2004,4,2004-04-15,0.0700
2004,5,2004-05-15,0.0600
2004,6,2004-06-15,0.1300
2004,7,2004-07-15,0.4900
2004,8,2004-08-15,0.7600
2004,9,2004-09-15,0.8100
2004,10,2004-10-15,0.7300
2004,11,2004-11-15,0.6600
2004,12,2004-12-15,0.7400
2005,1,2005-01-15,0.6600
2005,2,2005-02-15,0.3600
2005,3,2005-03-15,0.4500
2005,4,2005-04-15,0.2600
2005,5,2005-05-15,0.3000
2005,6,2005-06-15,0.0400
2005,7,2005-07-15,-0.2300
2005,8,2005-08-15,-0.0500
2005,9,2005-09-15,-0.0400
2005,10,2005-10-15,-0.0600
2005,11,2005-11-15,-0.5900
2005,12,2005-12-15,-0.9200
2006,1,2006-01-15,-0.9100
2006,2,2006-02-15,-0.6700
2006,3,2006-03-15,-0.7100
2006,4,2006-04-15,-0.3200
2006,5,2006-05-15,-0.0900
2006,6,2006-06-15,0.0000
2006,7,2006-07-15,0.0100
2006,8,2006-08-15,0.3100
2006,9,2006-09-15,0.6000
2006,10,2006-10-15,0.7000
2006,11,2006-11-15,0.9900
2006,12,2006-12-15,1.1400
2007,1,2007-01-15,0.7000
2007,2,2007-02-15,0.1300
2007,3,2007-03-15,-0.1800
2007,4,2007-04-15,-0.3200
2007,5,2007-05-15,-0.4700
2007,6,2007-06-15,-0.3500
2007,7,2007-07-15,-0.5900
2007,8,2007-08-15,-0.7200
2007,9,2007-09-15,-1.1100
2007,10,2007-10-15,-1.3900
2007,11,2007-11-15,-1.5400
2007,12,2007-12-15,-1.5800
2008,1,2008-01-15,-1.6800
2008,2,2008-02-15,-1.6700
2008,3,2008-03-15,-1.2100
2008,4,2008-04-15,-0.9900
2008,5,2008-05-15,-0.8400
2008,6,2008-06-15,-0.6800
2008,7,2008-07-15,-0.3000
2008,8,2008-08-15,-0.1300
2008,9,2008-09-15,-0.2500
2008,10,2008-10-15,-0.3500
2008,11,2008-11-15,-0.4600
2008,12,2008-12-15,-0.8600
2009,1,2009-01-15,-0.8900
2009,2,2009-02-15,-0.7900
2009,3,2009-03-15,-0.6900
2009,4,2009-04-15,-0.3500
2009,5,2009-05-15,0.0600
2009,6,2009-06-15,0.3100
2009,7,2009-07-15,0.4800
2009,8,2009-08-15,0.5600
2009,9,2009-09-15,0.6800
2009,10,2009-10-15,0.8900
2009,11,2009-11-15,1.4600
2009,12,2009-12-15,1.7400
2010,1,2010-01-15,1.5200
2010,2,2010-02-15,1.2500
2010,3,2010-03-15,0.9000
2010,4,2010-04-15,0.3800
2010,5,2010-05-15,-0.2200
2010,6,2010-06-15,-0.6900
2010,7,2010-07-15,-1.0700
2010,8,2010-08-15,-1.3900
2010,9,2010-09-15,-1.6000
2010,10,2010-10-15,-1.6900
2010,11,2010-11-15,-1.6400
2010,12,2010-12-15,-1.6000
2011,1,2011-01-15,-1.5400
2011,2,2011-02-15,-1.1100
2011,3,2011-03-15,-0.9300
2011,4,2011-04-15,-0.7700
2011,5,2011-05-15,-0.5200
2011,6,2011-06-15,-0.3800
2011,7,2011-07-15,-0.4300
2011,8,2011-08-15,-0.6500
2011,9,2011-09-15,-0.8000
2011,10,2011-10-15,-1.0500
2011,11,2011-11-15,-1.1900
2011,12,2011-12-15,-1.0600
2012,1,2012-01-15,-0.8700
2012,2,2012-02-15,-0.6700
2012,3,2012-03-15,-0.6100
2012,4,2012-04-15,-0.5000
2012,5,2012-05-15,-0.3200
2012,6,2012-06-15,0.0200
2012,7,2012-07-15,0.2500
2012,8,2012-08-15,0.4700
2012,9,2012-09-15,0.3800
2012,10,2012-10-15,0.2600
2012,11,2012-11-15,0.1600
2012,12,2012-12-15,-0.2500
2013,1,2013-01-15,-0.5300
2013,2,2013-02-15,-0.5200
2013,3,2013-03-15,-0.2500
2013,4,2013-04-15,-0.2500
2013,5,2013-05-15,-0.4000
2013,6,2013-06-15,-0.4200
2013,7,2013-07-15,-0.3900
2013,8,2013-08-15,-0.3800
2013,9,2013-09-15,-0.1800
2013,10,2013-10-15,-0.2000
2013,11,2013-11-15,-0.1400
2013,12,2013-12-15,-0.1700
2014,1,2014-01-15,-0.4900
2014,2,2014-02-15,-0.6200
2014,3,2014-03-15,-0.2800
2014,4,2014-04-15,0.0800
2014,5,2014-05-15,0.3200
2014,6,2014-06-15,0.2300
2014,7,2014-07-15,-0.0600
2014,8,2014-08-15,-0.0300
2014,9,2014-09-15,0.2900
2014,10,2014-10-15,0.4400
2014,11,2014-11-15,0.7500
2014,12,2014-12-15,0.7100
2015,1,2015-01-15,0.5100
2015,2,2015-02-15,0.4200
2015,3,2015-03-15,0.4700
2015,4,2015-04-15,0.7000
2015,5,2015-05-15,0.9200
2015,6,2015-06-15,1.1800
2015,7,2015-07-15,1.4600
2015,8,2015-08-15,1.9300
2015,9,2015-09-15,2.2100
2015,10,2015-10-15,2.3600
2015,11,2015-11-15,2.7200
2015,12,2015-12-15,2.6600
2016,1,2016-01-15,2.5700
2016,2,2016-02-15,2.2600
2016,3,2016-03-15,1.6200
2016,4,2016-04-15,0.9100
2016,5,2016-05-15,0.3000
2016,6,2016-06-15,-0.0300
2016,7,2016-07-15,-0.4800
2016,8,2016-08-15,-0.5800
2016,9,2016-09-15,-0.5800
2016,10,2016-10-15,-0.7400
2016,11,2016-11-15,-0.7600
2016,12,2016-12-15,-0.5000
2017,1,2017-01-15,-0.4300
2017,2,2017-02-15,-0.0800
2017,3,2017-03-15,0.0300
2017,4,2017-04-15,0.2200
2017,5,2017-05-15,0.3700
2017,6,2017-06-15,0.3400
2017,7,2017-07-15,0.2500
2017,8,2017-08-15,-0.1600
2017,9,2017-09-15,-0.4300
2017,10,2017-10-15,-0.5600
2017,11,2017-11-15,-0.9700
2017,12,2017-12-15,-0.9800
2018,1,2018-01-15,-0.9800
2018,2,2018-02-15,-0.7800
2018,3,2018-03-15,-0.8000
2018,4,2018-04-15,-0.5100
2018,5,2018-05-15,-0.2000
2018,6,2018-06-15,0.0400
2018,7,2018-07-15,0.1200
2018,8,2018-08-15,0.0900
2018,9,2018-09-15,0.4700
2018,10,2018-10-15,0.9000
2018,11,2018-11-15,0.9000
2018,12,2018-12-15,0.8900
2019,1,2019-01-15,0.6500
2019,2,2019-02-15,0.7100
2019,3,2019-03-15,0.8100
2019,4,2019-04-15,0.6200
2019,5,2019-05-15,0.5500
2019,6,2019-06-15,0.4500
2019,7,2019-07-15,0.3500
2019,8,2019-08-15,0.0400
2019,9,2019-09-15,0.0300
2019,10,2019-10-15,0.4800
2019,11,2019-11-15,0.5200
2019,12,2019-12-15,0.5200
2020,1,2020-01-15,0.6000
2020,2,2020-02-15,0.3700
2020,3,2020-03-15,0.4800
2020,4,2020-04-15,0.3600
2020,5,2020-05-15,-0.2700
2020,6,2020-06-15,-0.3400
2020,7,2020-07-15,-0.3000
2020,8,2020-08-15,-0.5900
2020,9,2020-09-15,-0.8300
2020,10,2020-10-15,-1.2600
2020,11,2020-11-15,-1.4200
2020,12,2020-12-15,-1.1500
2021,1,2021-01-15,-1.0000
2021,2,2021-02-15,-1.0000
2021,3,2021-03-15,-0.8000
2021,4,2021-04-15,-0.7200
2021,5,2021-05-15,-0.4600
2021,6,2021-06-15,-0.2800
2021,7,2021-07-15,-0.3900
2021,8,2021-08-15,-0.5300
2021,9,2021-09-15,-0.5500
2021,10,2021-10-15,-0.9400
2021,11,2021-11-15,-0.9400
2021,12,2021-12-15,-1.0600
2022,1,2022-01-15,-0.9400
2022,2,2022-02-15,-0.8900
2022,3,2022-03-15,-0.9700
2022,4,2022-04-15,-1.1100
2022,5,2022-05-15,-1.1100
2022,6,2022-06-15,-0.7500
2022,7,2022-07-15,-0.6900
2022,8,2022-08-15,-0.9700
2022,9,2022-09-15,-1.0700
2022,10,2022-10-15,-0.9900
2022,11,2022-11-15,-0.9000
2022,12,2022-12-15,-0.8500
2023,1,2023-01-15,-0.7200
2023,2,2023-02-15,-0.4600
2023,3,2023-03-15,-0.1100
2023,4,2023-04-15,0.1400
2023,5,2023-05-15,0.4600
2023,6,2023-06-15,0.8400
2023,7,2023-07-15,1.0200
2023,8,2023-08-15,1.3500
2023,9,2023-09-15,1.6000
2023,10,2023-10-15,1.7200
2023,11,2023-11-15,2.0200
2023,12,2023-12-15,2.0300
2024,1,2024-01-15,1.8100
2024,2,2024-02-15,1.5200
2024,3,2024-03-15,1.1300
2024,4,2024-04-15,0.7700
2024,5,2024-05-15,0.2300
2024,6,2024-06-15,0.1700
2024,7,2024-07-15,0.0400
2024,8,2024-08-15,-0.1200
2024,9,2024-09-15,-0.2600
2024,10,2024-10-15,-0.2700
2024,11,2024-11-15,-0.2500
2024,12,2024-12-15,-0.6000
2025,1,2025-01-15,-0.7400
2025,2,2025-02-15,-0.4300
2025,3,2025-03-15,0.0100
2025,4,2025-04-15,-0.1400
2025,5,2025-05-15,-0.1300
2025,6,2025-06-15,-0.0700
2025,7,2025-07-15,-0.1400
2025,8,2025-08-15,-0.3600
2025,9,2025-09-15,-0.4700
2025,10,2025-10-15,-0.5000
2025,11,2025-11-15,-0.7000
2025,12,2025-12-15,-0.6700
2026,1,2026-01-15,-0.5800
2026,2,2026-02-15,-0.2700
2026,3,2026-03-15,-0.0100
2026,4,2026-04-15,0.2300
