"season","year","mid_month","sst_c","sst_anom"
"DJF",1950,1,24.72,-1.53
"JFM",1950,2,25.17,-1.34
"FMA",1950,3,25.75,-1.16
"MAM",1950,4,26.12,-1.18
"AMJ",1950,5,26.32,-1.07
"MJJ",1950,6,26.31,-0.85
"JJA",1950,7,26.21,-0.54
"JAS",1950,8,25.96,-0.42
"ASO",1950,9,25.76,-0.39
"SON",1950,10,25.63,-0.44
"OND",1950,11,25.48,-0.6
"NDJ",1950,12,25.34,-0.8
"DJF",1951,1,25.42,-0.82
"JFM",1951,2,25.96,-0.54
"FMA",1951,3,26.74,-0.17
"MAM",1951,4,27.48,0.18
"AMJ",1951,5,27.75,0.36
"MJJ",1951,6,27.75,0.58
"JJA",1951,7,27.44,0.7
"JAS",1951,8,27.28,0.89
"ASO",1951,9,27.14,0.99
"SON",1951,10,27.22,1.15
"OND",1951,11,27.12,1.04
"NDJ",1951,12,26.95,0.81
"DJF",1952,1,26.78,0.53
"JFM",1952,2,26.87,0.37
"FMA",1952,3,27.25,0.34
"MAM",1952,4,27.6,0.29
"AMJ",1952,5,27.59,0.2
"MJJ",1952,6,27.17,0
"JJA",1952,7,26.67,-0.08
"JAS",1952,8,26.39,0
"ASO",1952,9,26.3,0.15
"SON",1952,10,26.17,0.1
"OND",1952,11,26.13,0.04
"NDJ",1952,12,26.29,0.15
"DJF",1953,1,26.65,0.4
"JFM",1953,2,27.1,0.6
"FMA",1953,3,27.53,0.63
"MAM",1953,4,27.96,0.66
"AMJ",1953,5,28.14,0.75
"MJJ",1953,6,27.94,0.77
"JJA",1953,7,27.49,0.75
"JAS",1953,8,27.12,0.73
"ASO",1953,9,26.93,0.78
"SON",1953,10,26.91,0.84
"OND",1953,11,26.92,0.84
"NDJ",1953,12,26.95,0.81
"DJF",1954,1,27,0.76
"JFM",1954,2,26.97,0.47
"FMA",1954,3,26.86,-0.05
"MAM",1954,4,26.89,-0.41
"AMJ",1954,5,26.85,-0.54
"MJJ",1954,6,26.67,-0.5
"JJA",1954,7,26.1,-0.64
"JAS",1954,8,25.54,-0.84
"ASO",1954,9,25.25,-0.9
"SON",1954,10,25.3,-0.77
"OND",1954,11,25.35,-0.73
"NDJ",1954,12,25.48,-0.66
"DJF",1955,1,25.57,-0.68
"JFM",1955,2,25.89,-0.62
"FMA",1955,3,26.22,-0.69
"MAM",1955,4,26.5,-0.8
"AMJ",1955,5,26.6,-0.79
"MJJ",1955,6,26.45,-0.72
"JJA",1955,7,26.06,-0.68
"JAS",1955,8,25.64,-0.75
"ASO",1955,9,25.06,-1.09
"SON",1955,10,24.65,-1.42
"OND",1955,11,24.41,-1.67
"NDJ",1955,12,24.72,-1.47
"DJF",1956,1,25.23,-1.11
"JFM",1956,2,25.86,-0.76
"FMA",1956,3,26.37,-0.63
"MAM",1956,4,26.82,-0.54
"AMJ",1956,5,26.93,-0.52
"MJJ",1956,6,26.72,-0.51
"JJA",1956,7,26.23,-0.57
"JAS",1956,8,25.87,-0.55
"ASO",1956,9,25.71,-0.46
"SON",1956,10,25.67,-0.42
"OND",1956,11,25.67,-0.43
"NDJ",1956,12,25.77,-0.43
"DJF",1957,1,26.09,-0.25
"JFM",1957,2,26.68,0.06
"FMA",1957,3,27.41,0.41
"MAM",1957,4,28.08,0.72
"AMJ",1957,5,28.37,0.92
"MJJ",1957,6,28.34,1.11
"JJA",1957,7,28.06,1.25
"JAS",1957,8,27.75,1.32
"ASO",1957,9,27.5,1.33
"SON",1957,10,27.48,1.39
"OND",1957,11,27.64,1.53
"NDJ",1957,12,27.94,1.74
"DJF",1958,1,28.15,1.81
"JFM",1958,2,28.27,1.66
"FMA",1958,3,28.26,1.27
"MAM",1958,4,28.28,0.93
"AMJ",1958,5,28.19,0.74
"MJJ",1958,6,27.87,0.64
"JJA",1958,7,27.38,0.57
"JAS",1958,8,26.85,0.43
"ASO",1958,9,26.56,0.39
"SON",1958,10,26.53,0.44
"OND",1958,11,26.6,0.5
"NDJ",1958,12,26.81,0.61
"DJF",1959,1,26.95,0.61
"JFM",1959,2,27.24,0.62
"FMA",1959,3,27.51,0.52
"MAM",1959,4,27.68,0.33
"AMJ",1959,5,27.65,0.2
"MJJ",1959,6,27.16,-0.07
"JJA",1959,7,26.63,-0.18
"JAS",1959,8,26.15,-0.28
"ASO",1959,9,26.08,-0.09
"SON",1959,10,26.07,-0.03
"OND",1959,11,26.15,0.05
"NDJ",1959,12,26.16,-0.04
"DJF",1960,1,26.24,-0.1
"JFM",1960,2,26.51,-0.1
"FMA",1960,3,26.92,-0.07
"MAM",1960,4,27.39,0.03
"AMJ",1960,5,27.47,0.02
"MJJ",1960,6,27.26,0.03
"JJA",1960,7,26.93,0.13
"JAS",1960,8,26.66,0.24
"ASO",1960,9,26.44,0.27
"SON",1960,10,26.3,0.2
"OND",1960,11,26.23,0.12
"NDJ",1960,12,26.23,0.05
"DJF",1961,1,26.34,0.04
"JFM",1961,2,26.58,0.03
"FMA",1961,3,26.96,0.04
"MAM",1961,4,27.35,0.09
"AMJ",1961,5,27.59,0.23
"MJJ",1961,6,27.42,0.27
"JJA",1961,7,26.9,0.14
"JAS",1961,8,26.27,-0.13
"ASO",1961,9,25.89,-0.3
"SON",1961,10,25.85,-0.26
"OND",1961,11,25.91,-0.19
"NDJ",1961,12,26,-0.16
"DJF",1962,1,26.05,-0.24
"JFM",1962,2,26.32,-0.22
"FMA",1962,3,26.71,-0.2
"MAM",1962,4,27,-0.26
"AMJ",1962,5,27.09,-0.28
"MJJ",1962,6,26.96,-0.2
"JJA",1962,7,26.72,-0.04
"JAS",1962,8,26.34,-0.07
"ASO",1962,9,26.07,-0.11
"SON",1962,10,25.88,-0.22
"OND",1962,11,25.79,-0.31
"NDJ",1962,12,25.73,-0.43
"DJF",1963,1,25.89,-0.4
"JFM",1963,2,26.39,-0.15
"FMA",1963,3,27.07,0.15
"MAM",1963,4,27.53,0.27
"AMJ",1963,5,27.68,0.31
"MJJ",1963,6,27.67,0.52
"JJA",1963,7,27.62,0.86
"JAS",1963,8,27.54,1.14
"ASO",1963,9,27.4,1.22
"SON",1963,10,27.4,1.29
"OND",1963,11,27.47,1.37
"NDJ",1963,12,27.47,1.31
"DJF",1964,1,27.36,1.07
"JFM",1964,2,27.16,0.62
"FMA",1964,3,27.03,0.12
"MAM",1964,4,26.93,-0.33
"AMJ",1964,5,26.78,-0.58
"MJJ",1964,6,26.57,-0.58
"JJA",1964,7,26.16,-0.6
"JAS",1964,8,25.74,-0.66
"ASO",1964,9,25.42,-0.76
"SON",1964,10,25.31,-0.8
"OND",1964,11,25.28,-0.82
"NDJ",1964,12,25.38,-0.78
"DJF",1965,1,25.69,-0.59
"JFM",1965,2,26.27,-0.28
"FMA",1965,3,26.85,-0.07
"MAM",1965,4,27.44,0.18
"AMJ",1965,5,27.82,0.46
"MJJ",1965,6,27.99,0.83
"JJA",1965,7,27.98,1.22
"JAS",1965,8,27.95,1.54
"ASO",1965,9,28.04,1.85
"SON",1965,10,28.09,1.98
"OND",1965,11,28.07,1.97
"NDJ",1965,12,27.91,1.72
"DJF",1966,1,27.72,1.37
"JFM",1966,2,27.81,1.17
"FMA",1966,3,27.98,0.98
"MAM",1966,4,27.97,0.66
"AMJ",1966,5,27.78,0.35
"MJJ",1966,6,27.5,0.24
"JJA",1966,7,27.14,0.24
"JAS",1966,8,26.69,0.12
"ASO",1966,9,26.32,-0.05
"SON",1966,10,26.24,-0.1
"OND",1966,11,26.16,-0.18
"NDJ",1966,12,26.04,-0.3
"DJF",1967,1,26.01,-0.41
"JFM",1967,2,26.17,-0.48
"FMA",1967,3,26.46,-0.53
"MAM",1967,4,26.87,-0.45
"AMJ",1967,5,27.19,-0.24
"MJJ",1967,6,27.26,0
"JJA",1967,7,26.95,0.05
"JAS",1967,8,26.41,-0.16
"ASO",1967,9,26.08,-0.3
"SON",1967,10,25.96,-0.38
"OND",1967,11,26,-0.34
"NDJ",1967,12,25.9,-0.44
"DJF",1968,1,25.78,-0.64
"JFM",1968,2,25.91,-0.74
"FMA",1968,3,26.38,-0.62
"MAM",1968,4,26.88,-0.44
"AMJ",1968,5,27.39,-0.04
"MJJ",1968,6,27.54,0.28
"JJA",1968,7,27.48,0.58
"JAS",1968,8,27.1,0.53
"ASO",1968,9,26.82,0.45
"SON",1968,10,26.89,0.55
"OND",1968,11,27.07,0.73
"NDJ",1968,12,27.32,0.98
"DJF",1969,1,27.54,1.13
"JFM",1969,2,27.73,1.09
"FMA",1969,3,27.94,0.95
"MAM",1969,4,28.09,0.77
"AMJ",1969,5,28.04,0.61
"MJJ",1969,6,27.69,0.43
"JJA",1969,7,27.26,0.36
"JAS",1969,8,27.08,0.51
"ASO",1969,9,27.17,0.79
"SON",1969,10,27.2,0.86
"OND",1969,11,27.14,0.81
"NDJ",1969,12,26.98,0.63
"DJF",1970,1,26.93,0.51
"JFM",1970,2,26.98,0.34
"FMA",1970,3,27.29,0.29
"MAM",1970,4,27.51,0.19
"AMJ",1970,5,27.47,0.04
"MJJ",1970,6,26.96,-0.3
"JJA",1970,7,26.28,-0.63
"JAS",1970,8,25.81,-0.76
"ASO",1970,9,25.61,-0.77
"SON",1970,10,25.6,-0.74
"OND",1970,11,25.48,-0.86
"NDJ",1970,12,25.22,-1.15
"DJF",1971,1,25.1,-1.36
"JFM",1971,2,25.32,-1.38
"FMA",1971,3,25.92,-1.12
"MAM",1971,4,26.51,-0.85
"AMJ",1971,5,26.73,-0.73
"MJJ",1971,6,26.56,-0.74
"JJA",1971,7,26.15,-0.8
"JAS",1971,8,25.86,-0.77
"ASO",1971,9,25.64,-0.82
"SON",1971,10,25.58,-0.85
"OND",1971,11,25.46,-0.96
"NDJ",1971,12,25.52,-0.9
"DJF",1972,1,25.77,-0.71
"JFM",1972,2,26.35,-0.35
"FMA",1972,3,27.1,0.06
"MAM",1972,4,27.77,0.41
"AMJ",1972,5,28.13,0.67
"MJJ",1972,6,28.21,0.92
"JJA",1972,7,28.09,1.13
"JAS",1972,8,28,1.37
"ASO",1972,9,28.04,1.58
"SON",1972,10,28.26,1.84
"OND",1972,11,28.51,2.09
"NDJ",1972,12,28.54,2.12
"DJF",1973,1,28.32,1.84
"JFM",1973,2,27.95,1.25
"FMA",1973,3,27.59,0.54
"MAM",1973,4,27.26,-0.1
"AMJ",1973,5,26.92,-0.54
"MJJ",1973,6,26.42,-0.87
"JJA",1973,7,25.84,-1.11
"JAS",1973,8,25.35,-1.28
"ASO",1973,9,25.01,-1.45
"SON",1973,10,24.71,-1.71
"OND",1973,11,24.47,-1.95
"NDJ",1973,12,24.38,-2.03
"DJF",1974,1,24.64,-1.84
"JFM",1974,2,25.14,-1.55
"FMA",1974,3,25.82,-1.23
"MAM",1974,4,26.33,-1.03
"AMJ",1974,5,26.55,-0.91
"MJJ",1974,6,26.52,-0.77
"JJA",1974,7,26.42,-0.53
"JAS",1974,8,26.26,-0.37
"ASO",1974,9,26.06,-0.41
"SON",1974,10,25.82,-0.61
"OND",1974,11,25.67,-0.75
"NDJ",1974,12,25.78,-0.64
"DJF",1975,1,25.94,-0.54
"JFM",1975,2,26.13,-0.57
"FMA",1975,3,26.39,-0.65
"MAM",1975,4,26.63,-0.73
"AMJ",1975,5,26.64,-0.83
"MJJ",1975,6,26.31,-0.98
"JJA",1975,7,25.82,-1.13
"JAS",1975,8,25.43,-1.2
"ASO",1975,9,25.09,-1.37
"SON",1975,10,25,-1.43
"OND",1975,11,24.87,-1.55
"NDJ",1975,12,24.75,-1.65
"DJF",1976,1,24.9,-1.56
"JFM",1976,2,25.5,-1.17
"FMA",1976,3,26.28,-0.73
"MAM",1976,4,26.85,-0.47
"AMJ",1976,5,27.15,-0.28
"MJJ",1976,6,27.22,-0.05
"JJA",1976,7,27.15,0.18
"JAS",1976,8,27.04,0.35
"ASO",1976,9,27.15,0.62
"SON",1976,10,27.29,0.81
"OND",1976,11,27.32,0.86
"NDJ",1976,12,27.27,0.85
"DJF",1977,1,27.18,0.71
"JFM",1977,2,27.31,0.64
"FMA",1977,3,27.35,0.34
"MAM",1977,4,27.55,0.23
"AMJ",1977,5,27.64,0.21
"MJJ",1977,6,27.61,0.34
"JJA",1977,7,27.32,0.35
"JAS",1977,8,27.11,0.42
"ASO",1977,9,27.1,0.57
"SON",1977,10,27.21,0.73
"OND",1977,11,27.27,0.81
"NDJ",1977,12,27.21,0.79
"DJF",1978,1,27.15,0.69
"JFM",1978,2,27.09,0.42
"FMA",1978,3,27.08,0.06
"MAM",1978,4,27.14,-0.18
"AMJ",1978,5,27.11,-0.31
"MJJ",1978,6,26.98,-0.29
"JJA",1978,7,26.61,-0.36
"JAS",1978,8,26.27,-0.42
"ASO",1978,9,26.11,-0.42
"SON",1978,10,26.19,-0.29
"OND",1978,11,26.37,-0.08
"NDJ",1978,12,26.43,0
"DJF",1979,1,26.5,0.03
"JFM",1979,2,26.75,0.07
"FMA",1979,3,27.22,0.2
"MAM",1979,4,27.6,0.28
"AMJ",1979,5,27.66,0.23
"MJJ",1979,6,27.32,0.05
"JJA",1979,7,27,0.04
"JAS",1979,8,26.86,0.17
"ASO",1979,9,26.86,0.33
"SON",1979,10,26.94,0.45
"OND",1979,11,26.98,0.52
"NDJ",1979,12,27.06,0.64
"DJF",1980,1,27.06,0.59
"JFM",1980,2,27.13,0.46
"FMA",1980,3,27.35,0.34
"MAM",1980,4,27.7,0.38
"AMJ",1980,5,27.9,0.48
"MJJ",1980,6,27.73,0.46
"JJA",1980,7,27.22,0.25
"JAS",1980,8,26.72,0.03
"ASO",1980,9,26.46,-0.07
"SON",1980,10,26.5,0.02
"OND",1980,11,26.57,0.11
"NDJ",1980,12,26.48,-0.01
"DJF",1981,1,26.32,-0.26
"JFM",1981,2,26.32,-0.5
"FMA",1981,3,26.69,-0.47
"MAM",1981,4,27.11,-0.37
"AMJ",1981,5,27.31,-0.26
"MJJ",1981,6,27.09,-0.29
"JJA",1981,7,26.75,-0.3
"JAS",1981,8,26.5,-0.25
"ASO",1981,9,26.42,-0.16
"SON",1981,10,26.41,-0.13
"OND",1981,11,26.37,-0.15
"NDJ",1981,12,26.46,-0.08
"DJF",1982,1,26.56,-0.05
"JFM",1982,2,26.9,0.07
"FMA",1982,3,27.35,0.19
"MAM",1982,4,27.95,0.47
"AMJ",1982,5,28.23,0.66
"MJJ",1982,6,28.1,0.72
"JJA",1982,7,27.83,0.79
"JAS",1982,8,27.81,1.07
"ASO",1982,9,28.16,1.58
"SON",1982,10,28.5,1.97
"OND",1982,11,28.7,2.18
"NDJ",1982,12,28.76,2.23
"DJF",1983,1,28.79,2.18
"JFM",1983,2,28.75,1.92
"FMA",1983,3,28.71,1.54
"MAM",1983,4,28.76,1.29
"AMJ",1983,5,28.63,1.06
"MJJ",1983,6,28.1,0.72
"JJA",1983,7,27.36,0.31
"JAS",1983,8,26.66,-0.08
"ASO",1983,9,26.12,-0.46
"SON",1983,10,25.73,-0.81
"OND",1983,11,25.52,-1
"NDJ",1983,12,25.62,-0.91
"DJF",1984,1,26.01,-0.6
"JFM",1984,2,26.41,-0.42
"FMA",1984,3,26.83,-0.34
"MAM",1984,4,27.04,-0.43
"AMJ",1984,5,27.06,-0.51
"MJJ",1984,6,26.94,-0.45
"JJA",1984,7,26.74,-0.3
"JAS",1984,8,26.59,-0.16
"ASO",1984,9,26.34,-0.24
"SON",1984,10,25.98,-0.56
"OND",1984,11,25.61,-0.92
"NDJ",1984,12,25.39,-1.14
"DJF",1985,1,25.56,-1.04
"JFM",1985,2,25.98,-0.85
"FMA",1985,3,26.4,-0.77
"MAM",1985,4,26.69,-0.78
"AMJ",1985,5,26.79,-0.78
"MJJ",1985,6,26.76,-0.63
"JJA",1985,7,26.55,-0.49
"JAS",1985,8,26.29,-0.46
"ASO",1985,9,26.18,-0.4
"SON",1985,10,26.19,-0.35
"OND",1985,11,26.25,-0.27
"NDJ",1985,12,26.14,-0.36
"DJF",1986,1,26.05,-0.49
"JFM",1986,2,26.28,-0.47
"FMA",1986,3,26.81,-0.31
"MAM",1986,4,27.26,-0.2
"AMJ",1986,5,27.44,-0.12
"MJJ",1986,6,27.34,-0.04
"JJA",1986,7,27.26,0.22
"JAS",1986,8,27.2,0.44
"ASO",1986,9,27.31,0.71
"SON",1986,10,27.49,0.94
"OND",1986,11,27.64,1.14
"NDJ",1986,12,27.7,1.22
"DJF",1987,1,27.76,1.23
"JFM",1987,2,27.95,1.19
"FMA",1987,3,28.19,1.06
"MAM",1987,4,28.41,0.95
"AMJ",1987,5,28.53,0.97
"MJJ",1987,6,28.59,1.22
"JJA",1987,7,28.54,1.51
"JAS",1987,8,28.45,1.7
"ASO",1987,9,28.24,1.65
"SON",1987,10,28.03,1.48
"OND",1987,11,27.76,1.25
"NDJ",1987,12,27.59,1.11
"DJF",1988,1,27.34,0.81
"JFM",1988,2,27.29,0.54
"FMA",1988,3,27.27,0.14
"MAM",1988,4,27.15,-0.31
"AMJ",1988,5,26.69,-0.88
"MJJ",1988,6,26.08,-1.3
"JJA",1988,7,25.74,-1.3
"JAS",1988,8,25.65,-1.11
"ASO",1988,9,25.4,-1.19
"SON",1988,10,25.07,-1.48
"OND",1988,11,24.71,-1.8
"NDJ",1988,12,24.63,-1.85
"DJF",1989,1,24.84,-1.69
"JFM",1989,2,25.32,-1.43
"FMA",1989,3,26.04,-1.08
"MAM",1989,4,26.64,-0.83
"AMJ",1989,5,26.99,-0.58
"MJJ",1989,6,26.97,-0.4
"JJA",1989,7,26.73,-0.31
"JAS",1989,8,26.48,-0.27
"ASO",1989,9,26.35,-0.24
"SON",1989,10,26.33,-0.22
"OND",1989,11,26.34,-0.16
"NDJ",1989,12,26.43,-0.05
"DJF",1990,1,26.67,0.14
"JFM",1990,2,26.96,0.21
"FMA",1990,3,27.41,0.28
"MAM",1990,4,27.75,0.29
"AMJ",1990,5,27.86,0.29
"MJJ",1990,6,27.68,0.31
"JJA",1990,7,27.37,0.33
"JAS",1990,8,27.13,0.38
"ASO",1990,9,26.98,0.39
"SON",1990,10,26.89,0.35
"OND",1990,11,26.9,0.4
"NDJ",1990,12,26.94,0.41
"DJF",1991,1,27.02,0.41
"JFM",1991,2,27.15,0.26
"FMA",1991,3,27.48,0.22
"MAM",1991,4,27.85,0.26
"AMJ",1991,5,28.16,0.45
"MJJ",1991,6,28.17,0.64
"JJA",1991,7,27.94,0.73
"JAS",1991,8,27.57,0.64
"ASO",1991,9,27.41,0.62
"SON",1991,10,27.54,0.79
"OND",1991,11,27.91,1.21
"NDJ",1991,12,28.18,1.53
"DJF",1992,1,28.39,1.71
"JFM",1992,2,28.52,1.63
"FMA",1992,3,28.73,1.48
"MAM",1992,4,28.88,1.29
"AMJ",1992,5,28.76,1.06
"MJJ",1992,6,28.26,0.73
"JJA",1992,7,27.57,0.37
"JAS",1992,8,27.03,0.09
"ASO",1992,9,26.66,-0.13
"SON",1992,10,26.5,-0.25
"OND",1992,11,26.43,-0.28
"NDJ",1992,12,26.52,-0.13
"DJF",1993,1,26.77,0.09
"JFM",1993,2,27.18,0.3
"FMA",1993,3,27.75,0.5
"MAM",1993,4,28.27,0.67
"AMJ",1993,5,28.4,0.7
"MJJ",1993,6,28.1,0.57
"JJA",1993,7,27.53,0.32
"JAS",1993,8,27.19,0.25
"ASO",1993,9,26.94,0.15
"SON",1993,10,26.85,0.1
"OND",1993,11,26.75,0.04
"NDJ",1993,12,26.71,0.06
"DJF",1994,1,26.74,0.06
"JFM",1994,2,26.95,0.07
"FMA",1994,3,27.43,0.17
"MAM",1994,4,27.9,0.31
"AMJ",1994,5,28.12,0.42
"MJJ",1994,6,27.94,0.41
"JJA",1994,7,27.65,0.44
"JAS",1994,8,27.37,0.43
"ASO",1994,9,27.35,0.55
"SON",1994,10,27.49,0.74
"OND",1994,11,27.71,1.01
"NDJ",1994,12,27.74,1.09
"DJF",1995,1,27.64,0.96
"JFM",1995,2,27.61,0.72
"FMA",1995,3,27.79,0.53
"MAM",1995,4,27.9,0.3
"AMJ",1995,5,27.84,0.14
"MJJ",1995,6,27.5,-0.03
"JJA",1995,7,26.97,-0.24
"JAS",1995,8,26.4,-0.54
"ASO",1995,9,25.99,-0.81
"SON",1995,10,25.78,-0.97
"OND",1995,11,25.7,-1
"NDJ",1995,12,25.66,-0.98
"DJF",1996,1,25.76,-0.9
"JFM",1996,2,26.1,-0.75
"FMA",1996,3,26.65,-0.59
"MAM",1996,4,27.2,-0.39
"AMJ",1996,5,27.4,-0.31
"MJJ",1996,6,27.23,-0.3
"JJA",1996,7,26.93,-0.27
"JAS",1996,8,26.59,-0.32
"ASO",1996,9,26.39,-0.35
"SON",1996,10,26.28,-0.4
"OND",1996,11,26.17,-0.45
"NDJ",1996,12,26.09,-0.49
"DJF",1997,1,26.12,-0.5
"JFM",1997,2,26.49,-0.36
"FMA",1997,3,27.14,-0.1
"MAM",1997,4,27.87,0.28
"AMJ",1997,5,28.46,0.75
"MJJ",1997,6,28.75,1.22
"JJA",1997,7,28.8,1.6
"JAS",1997,8,28.81,1.9
"ASO",1997,9,28.88,2.14
"SON",1997,10,29.01,2.33
"OND",1997,11,29.02,2.4
"NDJ",1997,12,28.97,2.39
"DJF",1998,1,28.87,2.24
"JFM",1998,2,28.78,1.93
"FMA",1998,3,28.68,1.44
"MAM",1998,4,28.59,0.99
"AMJ",1998,5,28.16,0.45
"MJJ",1998,6,27.39,-0.13
"JJA",1998,7,26.42,-0.78
"JAS",1998,8,25.79,-1.12
"ASO",1998,9,25.44,-1.31
"SON",1998,10,25.32,-1.35
"OND",1998,11,25.14,-1.48
"NDJ",1998,12,25.01,-1.57
"DJF",1999,1,25.08,-1.55
"JFM",1999,2,25.55,-1.3
"FMA",1999,3,26.17,-1.07
"MAM",1999,4,26.62,-0.98
"AMJ",1999,5,26.68,-1.02
"MJJ",1999,6,26.49,-1.04
"JJA",1999,7,26.1,-1.1
"JAS",1999,8,25.8,-1.11
"ASO",1999,9,25.58,-1.16
"SON",1999,10,25.41,-1.26
"OND",1999,11,25.16,-1.46
"NDJ",1999,12,24.93,-1.65
"DJF",2000,1,24.96,-1.66
"JFM",2000,2,25.44,-1.41
"FMA",2000,3,26.17,-1.07
"MAM",2000,4,26.78,-0.81
"AMJ",2000,5,27,-0.71
"MJJ",2000,6,26.88,-0.64
"JJA",2000,7,26.65,-0.55
"JAS",2000,8,26.4,-0.51
"ASO",2000,9,26.2,-0.55
"SON",2000,10,26.05,-0.63
"OND",2000,11,25.88,-0.75
"NDJ",2000,12,25.81,-0.74
"DJF",2001,1,25.88,-0.68
"JFM",2001,2,26.26,-0.52
"FMA",2001,3,26.76,-0.44
"MAM",2001,4,27.25,-0.34
"AMJ",2001,5,27.49,-0.25
"MJJ",2001,6,27.47,-0.12
"JJA",2001,7,27.2,-0.08
"JAS",2001,8,26.86,-0.13
"ASO",2001,9,26.63,-0.19
"SON",2001,10,26.48,-0.29
"OND",2001,11,26.37,-0.35
"NDJ",2001,12,26.31,-0.31
"DJF",2002,1,26.44,-0.15
"JFM",2002,2,26.81,0.03
"FMA",2002,3,27.29,0.09
"MAM",2002,4,27.8,0.2
"AMJ",2002,5,28.18,0.43
"MJJ",2002,6,28.24,0.65
"JJA",2002,7,28.06,0.79
"JAS",2002,8,27.85,0.86
"ASO",2002,9,27.83,1.01
"SON",2002,10,27.97,1.21
"OND",2002,11,28.03,1.31
"NDJ",2002,12,27.76,1.14
"DJF",2003,1,27.51,0.92
"JFM",2003,2,27.41,0.63
"FMA",2003,3,27.58,0.38
"MAM",2003,4,27.56,-0.04
"AMJ",2003,5,27.48,-0.26
"MJJ",2003,6,27.42,-0.16
"JJA",2003,7,27.35,0.08
"JAS",2003,8,27.2,0.21
"ASO",2003,9,27.08,0.26
"SON",2003,10,27.05,0.29
"OND",2003,11,27.07,0.35
"NDJ",2003,12,26.97,0.35
"DJF",2004,1,26.95,0.37
"JFM",2004,2,27.08,0.31
"FMA",2004,3,27.43,0.23
"MAM",2004,4,27.76,0.17
"AMJ",2004,5,27.91,0.17
"MJJ",2004,6,27.87,0.28
"JJA",2004,7,27.74,0.47
"JAS",2004,8,27.63,0.64
"ASO",2004,9,27.52,0.7
"SON",2004,10,27.44,0.67
"OND",2004,11,27.38,0.66
"NDJ",2004,12,27.3,0.69
"DJF",2005,1,27.22,0.64
"JFM",2005,2,27.36,0.58
"FMA",2005,3,27.65,0.45
"MAM",2005,4,28.02,0.43
"AMJ",2005,5,28.03,0.29
"MJJ",2005,6,27.69,0.11
"JJA",2005,7,27.21,-0.06
"JAS",2005,8,26.85,-0.14
"ASO",2005,9,26.71,-0.11
"SON",2005,10,26.48,-0.29
"OND",2005,11,26.15,-0.57
"NDJ",2005,12,25.81,-0.84
"DJF",2006,1,25.8,-0.85
"JFM",2006,2,26.1,-0.77
"FMA",2006,3,26.73,-0.57
"MAM",2006,4,27.31,-0.37
"AMJ",2006,5,27.69,-0.14
"MJJ",2006,6,27.62,-0.03
"JJA",2006,7,27.4,0.1
"JAS",2006,8,27.26,0.3
"ASO",2006,9,27.3,0.54
"SON",2006,10,27.48,0.77
"OND",2006,11,27.62,0.94
"NDJ",2006,12,27.56,0.94
"DJF",2007,1,27.3,0.66
"JFM",2007,2,27.09,0.22
"FMA",2007,3,27.18,-0.12
"MAM",2007,4,27.37,-0.32
"AMJ",2007,5,27.45,-0.38
"MJJ",2007,6,27.18,-0.47
"JJA",2007,7,26.74,-0.56
"JAS",2007,8,26.15,-0.81
"ASO",2007,9,25.69,-1.07
"SON",2007,10,25.37,-1.34
"OND",2007,11,25.17,-1.5
"NDJ",2007,12,25.02,-1.6
"DJF",2008,1,25,-1.64
"JFM",2008,2,25.35,-1.52
"FMA",2008,3,26.01,-1.29
"MAM",2008,4,26.67,-1.01
"AMJ",2008,5,26.99,-0.84
"MJJ",2008,6,27.04,-0.61
"JJA",2008,7,26.92,-0.37
"JAS",2008,8,26.73,-0.23
"ASO",2008,9,26.52,-0.24
"SON",2008,10,26.36,-0.35
"OND",2008,11,26.12,-0.55
"NDJ",2008,12,25.88,-0.73
"DJF",2009,1,25.79,-0.85
"JFM",2009,2,26.08,-0.79
"FMA",2009,3,26.68,-0.61
"MAM",2009,4,27.36,-0.33
"AMJ",2009,5,27.84,0.01
"MJJ",2009,6,27.94,0.28
"JJA",2009,7,27.75,0.45
"JAS",2009,8,27.53,0.58
"ASO",2009,9,27.47,0.71
"SON",2009,10,27.72,1.01
"OND",2009,11,28.03,1.36
"NDJ",2009,12,28.18,1.56
"DJF",2010,1,28.14,1.5
"JFM",2010,2,28.09,1.22
"FMA",2010,3,28.14,0.84
"MAM",2010,4,28.04,0.35
"AMJ",2010,5,27.66,-0.17
"MJJ",2010,6,27,-0.66
"JJA",2010,7,26.25,-1.05
"JAS",2010,8,25.61,-1.35
"ASO",2010,9,25.21,-1.56
"SON",2010,10,25.07,-1.64
"OND",2010,11,25.03,-1.64
"NDJ",2010,12,25.02,-1.54
"DJF",2011,1,25.22,-1.31
"JFM",2011,2,25.68,-1.04
"FMA",2011,3,26.37,-0.8
"MAM",2011,4,26.95,-0.62
"AMJ",2011,5,27.28,-0.46
"MJJ",2011,6,27.21,-0.37
"JJA",2011,7,26.81,-0.43
"JAS",2011,8,26.33,-0.58
"ASO",2011,9,25.93,-0.79
"SON",2011,10,25.7,-0.96
"OND",2011,11,25.58,-1.02
"NDJ",2011,12,25.58,-0.92
"DJF",2012,1,25.77,-0.72
"JFM",2012,2,26.15,-0.57
"FMA",2012,3,26.71,-0.46
"MAM",2012,4,27.21,-0.36
"AMJ",2012,5,27.57,-0.17
"MJJ",2012,6,27.64,0.06
"JJA",2012,7,27.54,0.3
"JAS",2012,8,27.32,0.41
"ASO",2012,9,27.13,0.41
"SON",2012,10,26.98,0.31
"OND",2012,11,26.73,0.13
"NDJ",2012,12,26.41,-0.1
"DJF",2013,1,26.21,-0.29
"JFM",2013,2,26.44,-0.29
"FMA",2013,3,26.96,-0.21
"MAM",2013,4,27.38,-0.19
"AMJ",2013,5,27.47,-0.27
"MJJ",2013,6,27.24,-0.34
"JJA",2013,7,26.89,-0.35
"JAS",2013,8,26.64,-0.28
"ASO",2013,9,26.51,-0.21
"SON",2013,10,26.54,-0.13
"OND",2013,11,26.5,-0.1
"NDJ",2013,12,26.35,-0.15
"DJF",2014,1,26.22,-0.28
"JFM",2014,2,26.41,-0.32
"FMA",2014,3,27.03,-0.14
"MAM",2014,4,27.73,0.15
"AMJ",2014,5,28.04,0.31
"MJJ",2014,6,27.82,0.23
"JJA",2014,7,27.34,0.1
"JAS",2014,8,27.02,0.11
"ASO",2014,9,27,0.28
"SON",2014,10,27.21,0.54
"OND",2014,11,27.31,0.71
"NDJ",2014,12,27.28,0.77
"DJF",2015,1,27.19,0.69
"JFM",2015,2,27.34,0.61
"FMA",2015,3,27.82,0.65
"MAM",2015,4,28.38,0.81
"AMJ",2015,5,28.76,1.02
"MJJ",2015,6,28.83,1.25
"JJA",2015,7,28.81,1.57
"JAS",2015,8,28.82,1.91
"ASO",2015,9,28.93,2.21
"SON",2015,10,29.14,2.47
"OND",2015,11,29.25,2.64
"NDJ",2015,12,29.26,2.75
"DJF",2016,1,29.12,2.63
"JFM",2016,2,29.01,2.28
"FMA",2016,3,28.88,1.71
"MAM",2016,4,28.62,1.05
"AMJ",2016,5,28.22,0.49
"MJJ",2016,6,27.59,0
"JJA",2016,7,26.93,-0.31
"JAS",2016,8,26.42,-0.5
"ASO",2016,9,26.14,-0.58
"SON",2016,10,26.02,-0.64
"OND",2016,11,26.01,-0.6
"NDJ",2016,12,26.06,-0.45
"DJF",2017,1,26.3,-0.19
"JFM",2017,2,26.71,-0.02
"FMA",2017,3,27.35,0.18
"MAM",2017,4,27.89,0.31
"AMJ",2017,5,28.13,0.4
"MJJ",2017,6,27.97,0.39
"JJA",2017,7,27.43,0.19
"JAS",2017,8,26.84,-0.07
"ASO",2017,9,26.38,-0.34
"SON",2017,10,26.06,-0.6
"OND",2017,11,25.84,-0.77
"NDJ",2017,12,25.64,-0.86
"DJF",2018,1,25.72,-0.77
"JFM",2018,2,26.02,-0.71
"FMA",2018,3,26.6,-0.57
"MAM",2018,4,27.18,-0.39
"AMJ",2018,5,27.61,-0.13
"MJJ",2018,6,27.64,0.06
"JJA",2018,7,27.38,0.14
"JAS",2018,8,27.18,0.27
"ASO",2018,9,27.25,0.53
"SON",2018,10,27.47,0.81
"OND",2018,11,27.57,0.97
"NDJ",2018,12,27.43,0.92
"DJF",2019,1,27.39,0.89
"JFM",2019,2,27.59,0.86
"FMA",2019,3,28.01,0.84
"MAM",2019,4,28.34,0.77
"AMJ",2019,5,28.37,0.64
"MJJ",2019,6,28.1,0.52
"JJA",2019,7,27.57,0.33
"JAS",2019,8,27.1,0.19
"ASO",2019,9,26.95,0.23
"SON",2019,10,27.06,0.39
"OND",2019,11,27.18,0.58
"NDJ",2019,12,27.17,0.66
"DJF",2020,1,27.14,0.64
"JFM",2020,2,27.35,0.63
"FMA",2020,3,27.7,0.53
"MAM",2020,4,27.87,0.3
"AMJ",2020,5,27.75,0.01
"MJJ",2020,6,27.35,-0.23
"JJA",2020,7,26.88,-0.36
"JAS",2020,8,26.38,-0.53
"ASO",2020,9,25.87,-0.85
"SON",2020,10,25.54,-1.12
"OND",2020,11,25.4,-1.2
"NDJ",2020,12,25.43,-1.08
"DJF",2021,1,25.59,-0.91
"JFM",2021,2,25.94,-0.79
"FMA",2021,3,26.46,-0.71
"MAM",2021,4,27.03,-0.55
"AMJ",2021,5,27.35,-0.39
"MJJ",2021,6,27.28,-0.3
"JJA",2021,7,26.89,-0.35
"JAS",2021,8,26.46,-0.45
"ASO",2021,9,26.09,-0.63
"SON",2021,10,25.9,-0.76
"OND",2021,11,25.69,-0.91
"NDJ",2021,12,25.63,-0.87
"DJF",2022,1,25.67,-0.82
"JFM",2022,2,25.94,-0.79
"FMA",2022,3,26.31,-0.86
"MAM",2022,4,26.62,-0.95
"AMJ",2022,5,26.84,-0.9
"MJJ",2022,6,26.8,-0.78
"JJA",2022,7,26.48,-0.76
"JAS",2022,8,26.04,-0.87
"ASO",2022,9,25.75,-0.97
"SON",2022,10,25.72,-0.94
"OND",2022,11,25.76,-0.85
"NDJ",2022,12,25.79,-0.71
"DJF",2023,1,25.96,-0.54
"JFM",2023,2,26.44,-0.29
"FMA",2023,3,27.15,-0.02
"MAM",2023,4,27.85,0.27
"AMJ",2023,5,28.31,0.57
"MJJ",2023,6,28.42,0.84
"JJA",2023,7,28.36,1.12
"JAS",2023,8,28.28,1.37
"ASO",2023,9,28.32,1.6
"SON",2023,10,28.49,1.83
"OND",2023,11,28.6,1.99
"NDJ",2023,12,28.57,2.06
"DJF",2024,1,28.42,1.92
"JFM",2024,2,28.35,1.62
"FMA",2024,3,28.43,1.26
"MAM",2024,4,28.39,0.82
"AMJ",2024,5,28.22,0.49
"MJJ",2024,6,27.8,0.22
"JJA",2024,7,27.33,0.08
"JAS",2024,8,26.85,-0.07
"ASO",2024,9,26.55,-0.17
"SON",2024,10,26.46,-0.21
"OND",2024,11,26.3,-0.3
"NDJ",2024,12,26.09,-0.42
"DJF",2025,1,26.05,-0.45
"JFM",2025,2,26.48,-0.24
"FMA",2025,3,27.11,-0.06
"MAM",2025,4,27.6,0.02
"AMJ",2025,5,27.72,-0.02
"MJJ",2025,6,27.54,-0.04
"JJA",2025,7,27.1,-0.14
"JAS",2025,8,26.63,-0.28
"ASO",2025,9,26.32,-0.4
"SON",2025,10,26.16,-0.51
"OND",2025,11,26.05,-0.55
"NDJ",2025,12,25.97,-0.54
"DJF",2026,1,26.13,-0.37
"JFM",2026,2,26.58,-0.15
"FMA",2026,3,27.28,0.11
